{
	"Name": "Monster Mushroom",
	"Price": 850,
	"Description": "It's huge. Suspends itself on a high-up plant to avoid ground predators.",
	"Category": "Vegetable",
	"CategoryTextOverride": "Monster Crop",
	"CategoryColorOverride": "51, 0, 0, 255",
	"Edibility": 75,
	"GiftTastes":
	{
		"Love": [ "Lance" ],
		"Like": [ "MarlonFay", "Wizard", "Krobus", "Abigail", "Morgan", "Leah", "Olivia" ],
		"Hate": ["Sophia", "Dwarf", "Leo", "Apples", "GuntherSilvian", "Andy", "Martin", "Victor", "Claire", "Susan", "MorrisTod", "Alex", "Elliott", "Harvey", "Sam", "Sebastian", "Shane", "Emily", "Haley", "Maru", "Penny", "Caroline", "Clint", "Demetrius", "Evelyn", "George", "Gus", "Jas", "Jodi", "Kent", "Lewis", "Linus", "Marnie", "Pam", "Pierre", "Robin", "Sandy", "Vincent", "Willy"]
	},
	"TranslationKey": "object.monster-mushroom",
}