{
	"Name": "Void Delight",
	"Description": "It's teeming with void energy.",
	"Category": "Cooking",
	"Edibility": 1,
	"EdibleIsDrink": false,
	"EdibleBuffs": 
	{
        "Farming": 0,
        "Fishing": 0,
        "Mining": 2,
        "Luck": 2,
        "Foraging": 0,
        "MaxStamina": 20,
        "MagnetRadius": 2,
        "Speed": 2,
        "Defense": 0,
        "Attack": 3,
        "Duration": 600,
    },
	"Recipe":
    {
    "ResultCount": 1,
    "Ingredients": [ { "Object": "Void Eel", "Count": 1, }, { "Object": 769, "Count": 50 }, { "Object": 768, "Count": 20 } ],
    "CanPurchase": true,
    "PurchaseFrom": "Krobus",
    "PurchasePrice": 5000,
    "PurchaseRequirements": [ "f Krobus 2500" ],
    },
	"CanSell": false,
	"Price": 800,
	"IsColored": false,
	"GiftTastes":
	{
	    "Love": [ "Wizard", "Krobus", "MarlonFay" ],
		"Like": [ "Morgan", "Lance" ],
        "Hate": [ "Olivia", "Victor", "Martin", "Claire", "Gus", "Susan", "MorrisTod", "Elliott", "Lewis", "Harvey", "Leah", "Alex", "Sam", "Shane", "Abigail", "Emily", "Haley", "Caroline", "Clint", "Demetrius", "Evelyn", "George", "Jodi", "Kent", "Linus", "Marnie", "Pam", "Pierre", "Robin", "Sandy", "Willy", "Sebastian", "Maru", "Andy", "Sophia", "Jas", "Vincent", "Dwarf", "Penny", "Apples" ]
	},
	"TranslationKey": "object.void-delight",
}