{
	"Name": "Aged Blue Moon Wine",
	"Description": "Sophia's aged hand-crafted wine from Blue Moon Vineyard. It comes in a prestigious basket ornamented with leaves, with a shiny bow to wrap it all together. Makes a wonderful gift!",
	"Category": "ArtisanGoods",
	"Edibility": 100,
	"EdibleIsDrink": true,
	"CanSell": false,
	"EdibleBuffs": 
	{
        "Farming": 0,
        "Fishing": 0,
        "Mining": 0,
        "Luck": 7,
        "Foraging": 0,
        "MaxStamina": 0,
        "MagnetRadius": 0,
        "Speed": 0,
        "Defense": 0,
        "Attack": 0,
        "Duration": 600,
    },
	"Price": 10000,
	"IsColored": false,
	"GiftTastes":
	{
		"Love": ["Lance", "Olivia", "Victor", "Gus", "MarlonFay", "MorrisTod", "Elliott", "Harvey", "Leah", "Jodi", "Kent", "Marnie", "Pam", "Pierre", ],
		"Like": ["Sebastian", "Maru", "Sam", "Susan", "Lewis", "Alex", "Shane", "Abigail", "Emily", "Haley", "Caroline", "Clint", "Demetrius", "Evelyn", "George", "Robin", "Sandy", "Willy", "Linus", "Wizard"],
		"Neutral": ["Sophia"],
	    "Dislike": ["Jas", "Vincent", "Morgan", "Claire"],
		"Hate": ["Dwarf", "Leo", "Krobus", "Penny", "Andy", "Martin"]
	},
	"TranslationKey": "object.aged-blue-moon-wine",
}