{
	"Name": "Void Soul",
	"Description": "The corrupted life essence of what once was. It's a key ingredient in potion brewing.",
	"Category": "MonsterLoot",
	"Edibility": -300,
	"EdibleIsDrink": false,
	"EdibleBuffs": null,
	"CanSell": false,
	"Price": 150,
	"IsColored": false,
	"GiftTastes":
	{
		"Love": ["Wizard", "Krobus", "Dwarf", "Morgan" ],
		"Like": ["Abigail", "MarlonFay", "Sandy", "Lance" ],
		"Dislike": ["Olivia", "Leo", "Andy", "Martin", "Apples", "Sophia", "GuntherSilvian", "Victor", "Claire", "Susan", "MorrisTod", "Alex", "Elliott", "Harvey", "Sam", "Sebastian", "Shane", "Emily", "Haley", "Leah", "Maru", "Penny", "Caroline", "Clint", "Demetrius", "Evelyn", "George", "Gus", "Jas", "Jodi", "Kent", "Lewis", "Linus", "Marnie", "Pam", "Pierre", "Robin", "Vincent", "Willy"]
	},
	"TranslationKey": "object.void-soul",
}