{
	"Name": "Rusty Blade",
	"Description": "It once belonged to an adventurer...",
	"Category": "MonsterLoot",
	"Edibility": -300,
	"EdibleIsDrink": false,
	"EdibleBuffs": null,
	"CanSell": false,
	"Price": 200,
	"IsColored": false,
	"GiftTastes":
	{
	    "Like": [ "Abigail", "GuntherSilvian", "Wizard", "MarlonFay", "Lance" ],
		"Dislike": ["Olivia", "Sophia", "Andy", "Victor", "Susan", "Martin", "Morgan", "Claire", "MorrisTod", "Alex", "Elliott", "Harvey", "Sam", "Sebastian", "Shane", "Emily", "Haley", "Leah", "Maru", "Penny", "Caroline", "Clint", "Demetrius", "Evelyn", "George", "Gus", "Jas", "Jodi", "Kent", "Lewis", "Linus", "Marnie", "Pam", "Pierre", "Robin", "Sandy", "Vincent", "Willy"],
	    "Hate": [ "Leo", "Apples", "Krobus", "Dwarf"]
	},
	"TranslationKey": "object.rusty-blade",
}