{
	"Name": "Gemfish",
	"Description": "There's many gems protruding from it.",
	"Category": "Fish",
	"Edibility": -12,
	"EdibleIsDrink": false,
	"EdibleBuffs": null,
	"Price": 1200,
	"IsColored": false,
	"GiftTastes":
	{
		"Love": [ "Lance", "Dwarf" ],
		"Like": ["Abigail", "Morgan", "MarlonFay", "Wizard", "Clint" ],
		"Dislike": ["Sophia", "Leo", "Krobus", "Apples", "GuntherSilvian", "Olivia", "Andy", "Martin", "Victor", "Claire", "Susan", "MorrisTod", "Alex", "Elliott", "Harvey", "Sam", "Sebastian", "Shane", "Emily", "Haley", "Leah", "Maru", "Penny", "Caroline", "Demetrius", "Evelyn", "George", "Gus", "Jas", "Jodi", "Kent", "Lewis", "Linus", "Marnie", "Pam", "Pierre", "Robin", "Sandy", "Vincent", "Willy"]
	},
	"TranslationKey": "object.gemfish",
}