{
	"Name": "Goldenfish",
	"Description": "It glows with a gold-like aurora.",
	"Category": "Fish",
	"Edibility": 5,
	"EdibleIsDrink": false,
	"EdibleBuffs": null,
	"Price": 150,
	"IsColored": false,
	"GiftTastes":
	{
	    "Love": [ "MarlonFay" ],
		"Like": [ "Wizard", "Morgan", "Lance" ],
		"Hate": [ "Elliott", "Willy", "Harvey", "Demetrius", "Martin", "Sebastian", "Abigail", "Vincent", "George", "Kent", "Jodi", "Claire", "Olivia", "Shane", "Haley", "Maru", "Pam", "Clint", "Jas", "Andy", "Gus" ]
	},
	"TranslationKey": "object.goldenfish",
}