{
	"Name": "Ornate Treasure Chest",
	"Description": "It's filled to the brim with gold and gems.",
	"Edibility": -300,
	"EdibleIsDrink": false,
	"EdibleBuffs": null,
	"CanSell": false,
	"Price": 10000,
	"IsColored": false,
	"GiftTastes":
	{
	    "Love": [ "Lance" ],
		"Like": ["MarlonFay", "Wizard", "Krobus", "Dwarf", "Abigail", "Morgan", "Sophia", "Leo", "Apples", "GuntherSilvian", "Olivia", "Andy", "Martin", "Victor", "Claire", "Susan", "MorrisTod", "Alex", "Elliott", "Harvey", "Sam", "Sebastian", "Shane", "Emily", "Haley", "Leah", "Maru", "Penny", "Caroline", "Clint", "Demetrius", "Evelyn", "George", "Gus", "Jas", "Jodi", "Kent", "Lewis", "Linus", "Marnie", "Pam", "Pierre", "Robin", "Sandy", "Vincent", "Willy" ],
	},
	"TranslationKey": "object.ornate-treasure-chest",
}