{
	"Name": "Baked Berry Oatmeal",
	"Description": "Warm, chewy, sweet baked oatmeal bursting with berries. It gives you a boost of energy that lasts the whole day.",
	"Category": "Cooking",
	"Edibility": 80,
	"EdibleIsDrink": false,
	"EdibleBuffs": 
	{
        "Farming": 4,
        "Fishing": 0,
        "Mining": 0,
        "Luck": 0,
        "Foraging": 4,
        "MaxStamina": 0,
        "MagnetRadius": 0,
        "Speed": 2,
        "Defense": 0,
        "Attack": 0,
        "Duration": 1600,
    },
	"Recipe": {
    "ResultCount": 1,
    "Ingredients": [
      {
        "Object": "Salmonberry",
        "Count": 15,
      },
	  {
        "Object": "Blackberry",
        "Count": 15,
      },
	  {
        "Object": "Sugar",
        "Count": 1,
      },
	  {
        "Object": "Wheat Flour",
        "Count": 2,
      },
    ],
	"PurchaseFrom": "BearVendor",    
	"PurchasePrice": 12500,
	"CanPurchase": true,
    },
	"Price": 400,
	"IsColored": false,
	"GiftTastes":
	{
	    "Love": [ "Linus", "Robin", "Demetrius", "Andy" ],
		"Like": [ "Lance", "Willy", "Wizard", "Gus", "Pierre", "Caroline", "George", "Evelyn", "Lewis", "Jodi", "Olivia", "Victor", "Sophia", "Emily", "Vincent", "Abigail", "Sebastian", "Morgan", "Jas", "Maru", "MarlonFay", "Alex", "Clint", "Penny", "Pam", "Haley", "Kent", "Marlon", "Sam", "Leah", "Shane", "Marnie", "Elliott", "Dwarf", "Harvey", "Sandy", "MorrisTod", "GuntherSilvian", "Susan", "Morgan", "Apples", "Claire", "Martin" ],
	},
	"TranslationKey": "object.baked-berry-oatmeal",
}