{
	"Name": "Daggerfish",
	"Description": "It's very sharp.",
	"Category": "Fish",
	"Edibility": -60,
	"EdibleIsDrink": false,
	"EdibleBuffs": null,
	"Price": 250,
	"IsColored": false,
	"GiftTastes":
	{
		"Love": [ "Lance", "MarlonFay" ],
		"Like": [ "Abigail", "Sebastian", "Wizard" ],
		"Dislike": [ "Willy", "Morgan" ],
		"Hate": [ "Elliott", "Vincent", "Kent", "Martin", "Demetrius", "Harvey", "George", "Jodi", "Claire", "Olivia", "Shane", "Haley", "Maru", "Pam", "Clint", "Jas", "Andy", "Gus" ]
	},
	"TranslationKey": "object.daggerfish",
}