{
	"Name": "Meteor Carp",
	"Description": "It radiates an intergalactic energy.",
	"Category": "Fish",
	"Edibility": -20,
	"EdibleIsDrink": false,
	"EdibleBuffs": null,
	"Price": 300,
	"IsColored": false,
	"GiftTastes":
	{
	    "Love": [ "Krobus" ],
		"Like": [ "Wizard", "Morgan", "Lance" ],
		"Dislike": [ "Elliott", "Sebastian", "Abigail", "Vincent", "Willy", "Harvey", "Demetrius", "Martin", "George", "Kent", "Jodi", "Claire", "Olivia", "Shane", "Haley", "Maru", "Pam", "Clint", "Jas", "Andy", "Gus" ]
	},
	"TranslationKey": "object.meteor-carp",
}