{
	"Name": "King Salmon",
	"Description": "A huge salmon, distinguished by its large scales.",
	"Category": "Fish",
	"Edibility": 52,
	"EdibleIsDrink": false,
	"EdibleBuffs": null,
	"Price": 550,
	"IsColored": false,
	"GiftTastes":
	{
		"Like": ["Kent", "Jodi", "Olivia", "Pierre", "Gus", "Evelyn", "Leah", "Robin", "Elliott", "Willy", "Andy", "Lance"],
		"Hate": ["George", "Claire", "Shane", "Sebastian", "Abigail", "Haley", "Maru", "Pam", "Clint", "Jas", "Morgan", "Vincent", "Sophia"]
	},
	"TranslationKey": "object.king-salmon",
}