{
	"Name": "Grampleton Orange Chicken",
	"Description": "Golden and crispy chicken. Served with fresh rice.",
	//"Category": "Fruit",
	"Edibility": 65,
	"EdibleIsDrink": false,
	"EdibleBuffs": 
	{
        "Farming": 3,
        "Fishing": 0,
        "Mining": 0,
        "Luck": 0,
        "Foraging": 0,
        "MaxStamina": 0,
        "MagnetRadius": 0,
        "Speed": 0,
        "Defense": 0,
        "Attack": 0,
        "Duration": 720,
    },
    "CanPurchase": true,
    "PurchaseFrom": "Gus",
    "PurchasePrice": 650,
    "PurchaseRequirements": [ "e 8185293" ], //players must have seen Sophia's 6 heart event 
	"CanSell": false,
	"Price": 400,
	"IsColored": false,
	"Recipe": null,
	"CategoryTextOverride": "Cooking",
	"CategoryColorOverride": "220, 60, 0, 255",
	"GiftTastes":
	{
	    "Love": [ "Sophia" ],
		"Like": [ "Lance", "Olivia", "Victor", "Harvey", "Gus", "Pam", "MarlonFay", "Susan", "MorrisTod", "Elliott", "Lewis", "Wizard", "Jodi", "Pierre", "Robin", "Sam", "Shane", "Abigail", "Emily", "Haley", "Caroline", "Clint", "Demetrius", "Evelyn", "George", "Kent", "Sandy", "Willy", "Sebastian", "Maru", "Vincent", "Morgan", "Claire", "Andy", "Leo", "Dwarf", "Krobus", "Martin", "Penny" ],
		"Dislike": [ "Marnie", "Jas" ],
		"Hate": [ "Leah", "Linus" ]
	},
	"TranslationKey": "object.grampleton-orange-chicken",
}