{
	"Name": "Blue Moon Wine",
	"Description": "Sophia's hand-crafted wine from Blue Moon Vineyard.",
	"Category": "ArtisanGoods",
	"Edibility": 10,
	"EdibleIsDrink": true,
	"CanSell": false,
	"EdibleBuffs": 
	{
        "Farming": 0,
        "Fishing": 0,
        "Mining": 0,
        "Luck": 2,
        "Foraging": 0,
        "MaxStamina": 0,
        "MagnetRadius": 0,
        "Speed": 0,
        "Defense": 0,
        "Attack": 0,
        "Duration": 180,
    },
	"Price": 700,
	"IsColored": false,
	"CanPurchase": false,
    "PurchasePrice": 3500,
	"GiftTastes":
	{
		"Love": ["Olivia", "Victor", "Harvey", "Gus", "Leah", "Pam"],
		"Like": [ "Lance", "MarlonFay", "Susan", "MorrisTod", "Elliott", "Lewis", "Wizard", "Jodi", "Pierre", "Robin"],
		"Neutral": ["Alex", "Sam", "Shane", "Abigail", "Emily", "Haley", "Caroline", "Clint", "Demetrius", "Evelyn", "George", "Kent", "Linus", "Marnie", "Sandy", "Willy", "Sophia"],
	    "Dislike": ["Sebastian", "Maru", "Jas", "Vincent", "Morgan", "Claire"],
		"Hate": ["Andy", "Leo", "Dwarf", "Krobus", "Martin", "Penny"]
	},
	"TranslationKey": "object.blue-moon-wine",
}