{
	"Name": "Bonefish",
	"Description": "How's it still moving?",
	"Category": "Fish",
	"Edibility": -30,
	"EdibleIsDrink": false,
	"EdibleBuffs": null,
	"Price": 150,
	"IsColored": false,
	"GiftTastes":
	{
	    "Like": [ "Lance" ],
		"Hate": [ "Morgan", "MarlonFay", "Wizard", "Krobus", "Dwarf" , "Olivia", "Leo", "GuntherSilvian", "Apples", "Sophia", "Claire", "Martin", "Andy", "Claire", "Victor", "Susan", "MorrisTod", "Alex", "Elliott", "Harvey", "Sam", "Sebastian", "Shane", "Abigail", "Emily", "Haley", "Leah", "Maru", "Penny", "Caroline", "Clint", "Demetrius", "Evelyn", "George", "Gus", "Jas", "Jodi", "Kent", "Lewis", "Linus", "Marnie", "Pam", "Pierre", "Robin", "Sandy", "Vincent", "Willy"]
	},
	"TranslationKey": "object.bonefish",
}