{
	"Name": "Green Mushroom",
	"Price": 1250,
	"Description": "Makes one feel as if they've gained another life.",
	"Edibility": 500,
	"EdibleBuffs": 
	{
        "Farming": 0,
        "Fishing": 0,
        "Mining": 0,
        "Luck": 1,
        "Foraging": 0,
        "MaxStamina": 200,
        "MagnetRadius": 25,
        "Speed": 0,
        "Defense": 0,
        "Attack": 0,
        "Duration": 1600,
    },
	"GiftTastes":
	{
	    "Love": [ "Lance" ],
		"Like": ["Morgan", "MarlonFay", "GuntherSilvian", "Abigail", "Wizard", "Apples", "Claire", "Olivia", "Andy", "Susan", "Elliott", "Harvey", "Emily", "Leah", "Maru", "Penny", "Caroline", "Clint", "Demetrius", "Dwarf", "Evelyn", "George", "Gus", "Jodi", "Kent", "Krobus", "Lewis", "Linus", "Marnie", "Pam", "Pierre", "Robin", "Sandy", "Willy"],
	    "Neutral": [ "Sophia", "Martin", "MorrisTod", "Alex", "Sam", "Shane", "Haley", "Sebastian" ],
		"Dislike": [ "Vincent", "Jas", "Leo"],
		"Hate": [ "Victor" ]
	},
	"TranslationKey": "object.green-mushroom",
}