{
	"Name": "Void Root",
	"Price": 235,
	"Description": "A strange dark energy is emitting from it.",
	"Category": "Vegetable",
	"CategoryTextOverride": "Monster Crop",
	"CategoryColorOverride": "51, 0, 0, 255",
	"Edibility": -35,
	"GiftTastes":
	{
		"Love": [ "Wizard", "Krobus", ],
		"Like": ["Abigail", "Morgan", "MarlonFay", "Lance"],
		"Hate": ["Sophia", "Dwarf", "Leo", "Apples", "GuntherSilvian", "Olivia", "Andy", "Martin", "Victor", "Claire", "Susan", "MorrisTod", "Alex", "Elliott", "Harvey", "Sam", "Sebastian", "Shane", "Emily", "Haley", "Leah", "Maru", "Penny", "Caroline", "Clint", "Demetrius", "Evelyn", "George", "Gus", "Jas", "Jodi", "Kent", "Lewis", "Linus", "Marnie", "Pam", "Pierre", "Robin", "Sandy", "Vincent", "Willy"]
	},
	"TranslationKey": "object.void-root",
}