{
	"Name": "Razor Trout",
	"Description": "An invasive species released by someone... It has a pattern along its body that heavily resembles the letter 'J'.",
	"Category": "MonsterLoot",
	"Edibility": -35,
	"EdibleIsDrink": false,
	"EdibleBuffs": null,
	"Price": 400,
	"IsColored": false,
	"CanSell": false,
	"CategoryTextOverride": "Fish",
	"CategoryColorOverride": "0, 0, 155, 255",
	"GiftTastes":
	{
	    "Like": [ "Lance" ],
		"Dislike": ["Kent", "Jodi", "Olivia", "Pierre", "Gus", "Evelyn", "Leah", "Robin", "Elliott", "Andy", "George", "Claire", "Shane", "Sebastian", "Abigail", "Haley", "Maru", "Pam", "Clint", "Jas", "Morgan", "Vincent", "Sophia"],
	    "Hate": ["Willy"]
	},
	"TranslationKey": "object.razor-trout",
}