{
	"Name": "Void Salmon Sushi",
	"Description": "Is this safe to eat?",
	"Category": "Cooking",
	"Edibility": 1,
	"EdibleIsDrink": false,
	"EdibleBuffs": 
	{
        "Farming": 0,
        "Fishing": 3,
        "Mining": 0,
        "Luck": 3,
        "Foraging": 0,
        "MaxStamina": 80,
        "MagnetRadius": 0,
        "Speed": 0,
        "Defense": 5,
        "Attack": 0,
        "Duration": 1200,
    },
	"Recipe":
    {
    "ResultCount": 1,
    "Ingredients": [ { "Object": 795, "Count": 1, }, { "Object": 308, "Count": 1 }, { "Object": 152, "Count": 3 } ],
    "CanPurchase": true,
    "PurchaseFrom": "Krobus",
    "PurchasePrice": 5000,
    },
	"CanSell": false,
	"Price": 800,
	"IsColored": false,
	"GiftTastes":
	{
	    "Love": [ "Wizard", "Krobus" ],
		"Like": [ "MarlonFay", "Lance" ],
        "Hate": [ "Olivia", "Martin", "Victor", "Claire", "Gus", "Susan", "MorrisTod", "Elliott", "Lewis", "Morgan", "Harvey", "Leah", "Alex", "Sam", "Shane", "Abigail", "Emily", "Haley", "Caroline", "Clint", "Demetrius", "Evelyn", "George", "Jodi", "Kent", "Linus", "Marnie", "Pam", "Pierre", "Robin", "Sandy", "Willy", "Sebastian", "Maru", "Andy", "Sophia", "Jas", "Vincent", "Dwarf", "Penny", "Apples" ]
	},
	"TranslationKey": "object.void-salmon-sushi",
}