{
	"Name": "Monster Fruit",
	"Price": 1525,
	"Description": "It has an eyeball-like pattern. It's the closest someone can get to tasting a Stardrop.",
	"Category": "Fruit",
	"CategoryTextOverride": "Monster Crop",
	"CategoryColorOverride": "51, 0, 0, 255",
	"Edibility": 85,
	"GiftTastes":
	{
		"Love": [ "Abigail" ],
		"Like": [ "Lance", "MarlonFay", "Wizard", "Krobus", "Morgan", ],
		"Hate": ["Sophia", "Dwarf", "Leo", "Apples", "Leah", "Olivia", "GuntherSilvian", "Andy", "Martin", "Victor", "Claire", "Susan", "MorrisTod", "Alex", "Elliott", "Harvey", "Sam", "Sebastian", "Shane", "Emily", "Haley", "Maru", "Penny", "Caroline", "Clint", "Demetrius", "Evelyn", "George", "Gus", "Jas", "Jodi", "Kent", "Lewis", "Linus", "Marnie", "Pam", "Pierre", "Robin", "Sandy", "Vincent", "Willy"]
	},
	"TranslationKey": "object.monster-fruit",
}