{
	"Name": "Barbarian Elixir",
	"Description": "Doubles your attack damage for one minute. Stacks with speed potions.",
	"Category": "ArtisanGoods",
	"Edibility": 1,
	"EdibleIsDrink": false,
	"CanSell": false,
	"CategoryTextOverride": "Potion",
	"CategoryColorOverride": "125, 30, 150, 255",
	"EdibleBuffs": 
	{
        "Farming": 0,
        "Fishing": 0,
        "Mining": 0,
        "Luck": 0,
        "Foraging": 0,
        "MaxStamina": 0,
        "MagnetRadius": 0,
        "Speed": 0,
        "Defense": 0,
        "Attack": 15,
        "Duration": 88, //Duration timer is not accurate
    },
	"Price": 10000,
	"IsColored": false,
	"GiftTastes":
	{
		"Love": ["MarlonFay", "Abigail", "Wizard"],
		"Like": ["Morgan", "Lance"],
		"Dislike": ["Apples", "Leo", "Sophia", "Claire", "GuntherSilvian", "Olivia", "Martin", "Andy", "Victor", "Susan", "MorrisTod", "Alex", "Elliott", "Harvey", "Sam", "Sebastian", "Shane", "Emily", "Haley", "Leah", "Maru", "Penny", "Caroline", "Clint", "Demetrius", "Dwarf", "Evelyn", "George", "Gus", "Jas", "Jodi", "Kent", "Krobus", "Lewis", "Linus", "Marnie", "Pam", "Pierre", "Robin", "Sandy", "Vincent", "Willy"]
	},
	"TranslationKey": "object.barbarian-elixir",
}