{
	"Name": "Super Joja Cola",
	"Price": 350,
	"Description": "DISCLAIMER: Small chance skin will turn blue after consumption.",
	"Edibility": 150,
	"EdibleIsDrink": true,
	"CanSell": false,
	"EdibleBuffs": 
	{
        "Farming": 0,
        "Fishing": 0,
        "Mining": 0,
        "Luck": 2,
        "Foraging": 0,
        "MaxStamina": 0,
        "MagnetRadius": 50,
        "Speed": 2,
        "Defense": 0,
        "Attack": 0,
        "Duration": 1600,
    },
	"GiftTastes":
	{
	    "Love": [ "Sam", "Andy" ],
		"Like": [ "MorrisTod", "Martin", "Clint", "Jodi", "Kent" ],
	    "Neutral": [ "Alex", "Shane", "Haley", "Sebastian", "Morgan", "GuntherSilvian", "Abigail", "Wizard", "Apples", "Elliott", "Harvey", "Emily", "Maru", "Penny", "Caroline", "Demetrius", "Dwarf", "Gus", "Krobus", "Lewis", "Linus", "Marnie", "Pam", "Pierre", "Robin", "Sandy", "Willy" ],
		"Dislike": [ "Vincent", "Jas", "Leo", "Sophia", "Claire", "Evelyn", "George" ],
		"Hate": [ "Victor", "Olivia", "MarlonFay", "Susan", "Leah" ]
	},
	"TranslationKey": "object.super-joja-cola",
}