{
	"Name": "Galdoran Gem",
	"Description": "A large red gem.",
	"Category": "Gem",
	"CanSell": false,
	"Price": 600,
	"GiftTastes":
	{
		"Like": [ "Lance", "MarlonFay", "Wizard", "Krobus", "Dwarf", "Morgan", "Olivia", "Leo", "Apples", "Sophia", "Claire", "Martin", "Claire", "Victor", "Susan", "MorrisTod", "Alex", "Elliott", "Harvey", "Sam", "Sebastian", "Shane", "Abigail", "Emily", "Haley", "Leah", "Maru", "Penny", "Caroline", "Clint", "Demetrius", "Evelyn", "George", "Gus", "Jas", "Jodi", "Kent", "Lewis", "Linus", "Marnie", "Pam", "Pierre", "Robin", "Sandy", "Vincent", "Willy"],
		"Dislike": [ "Andy", "GuntherSilvian" ]
	},
	"TranslationKey": "object.galdoran-gem",
}