{
	"Name": "Joja Berry Machine",
	"Product": "Joja Berry",
	"SeedName": "Joja Berry Starter",
	"SeedDescription": "Plant these in the spring, summer or fall. Takes 25 days to mature, and continues to produce. The machine is impassable. A light turns red when ready to harvest.",
	"Type": "Fruit",
	"CropType": "Normal",
	"Seasons": ["spring", "summer", "fall"],
	"Phases": [5,5,5,5,5],
	"RegrowthPhase": 4,
	"HarvestWithScythe": false,
	"TrellisCrop": true,
	"Bonus": {
		"MinimumPerHarvest": 1,
		"MaximumPerHarvest": 1,
		"MaxIncreasePerFarmLevel": 5,
		"ExtraChance": 0.15,
	},
	"SeedPurchasePrice": 1000,
	"SeedPurchaseFrom": "Zoey",
	"SeedPurchaseRequirements": ["e 5553210"],
	"TranslationKey": "crop.joja-berry-machine",
	"SeedTranslationKey": "crop.joja-berry-starter",
}