{
	"Name": "Dewdrop Berry",
	"Price": 45,
	"Description": "An aromatic enchanting fruit grown in the Nexus. Grants magical abilities until the next sunrise.",
	"Category": "Fruit",
	"Edibility": 90,
	"Recipe": null,
	"CanSell": false,
	"EdibleBuffs": 
	{
        "Farming": 0,
        "Fishing": 0,
        "Mining": 0,
        "Luck": 2,
        "Foraging": 0,
        "MaxStamina": 50,
        "MagnetRadius": 75,
        "Speed": 2,
        "Defense": 0,
        "Attack": 0,
        "Duration": 1600,
    },
	"GiftTastes":
	{
		"Like": [ "Lance", "Morgan", "MarlonFay", "GuntherSilvian", "Abigail", "Wizard", "Apples", "Leo", "Sophia", "Claire", "Olivia", "Martin", "Andy", "Victor", "Susan", "MorrisTod", "Alex", "Elliott", "Harvey", "Sam", "Sebastian", "Shane", "Emily", "Haley", "Leah", "Maru", "Penny", "Caroline", "Clint", "Demetrius", "Dwarf", "Evelyn", "George", "Gus", "Jas", "Jodi", "Kent", "Krobus", "Lewis", "Linus", "Marnie", "Pam", "Pierre", "Robin", "Sandy", "Vincent", "Willy"]
	},
	"TranslationKey": "object.dewdrop-berry",
}