{
	"Name": "Slime Berry",
	"Price": 65,
	"Description": "It's covered in an odd gooey substance.",
	"Category": "Fruit",
	"CategoryTextOverride": "Monster Crop",
	"CategoryColorOverride": "51, 0, 0, 255",
	"Edibility": -10,
	"GiftTastes":
	{
		"Love": [ "MarlonFay", ],
		"Like": [ "Wizard", "Krobus", "Abigail", "Morgan", "Lance" ],
		"Hate": ["Sophia", "Dwarf", "Leo", "Apples", "GuntherSilvian", "Olivia", "Andy", "Martin", "Victor", "Claire", "Susan", "MorrisTod", "Alex", "Elliott", "Harvey", "Sam", "Sebastian", "Shane", "Emily", "Haley", "Leah", "Maru", "Penny", "Caroline", "Clint", "Demetrius", "Evelyn", "George", "Gus", "Jas", "Jodi", "Kent", "Lewis", "Linus", "Marnie", "Pam", "Pierre", "Robin", "Sandy", "Vincent", "Willy"]
	},
	"TranslationKey": "object.slime-berry",
}