{
	"Name": "Torpedo Trout",
	"Description": "This fish is capable of swimming up to 68 miles per hour.",
	"Category": "Fish",
	"Edibility": -10,
	"EdibleIsDrink": false,
	"EdibleBuffs": null,
	"Price": 575,
	"IsColored": false,
	"GiftTastes":
	{
	    "Love": [ "Lance" ],
		"Dislike": [ "Morgan", "Wizard", "Elliott", "Martin", "Willy", "Harvey", "Demetrius", "George", "Jodi", "Claire", "Olivia", "Shane", "Haley", "Maru", "Pam", "Clint", "Jas", "Andy", "Gus", "Sebastian", "Abigail", "Vincent" ],
	    "Hate": [ "Kent" ]
	},
	"TranslationKey": "object.torpedo-trout",
}