{
	"Name": "Butterfish",
	"Description": "Commonly used in dishes around the Ferngill Republic.",
	"Category": "Fish",
	"Edibility": 20,
	"EdibleIsDrink": false,
	"EdibleBuffs": null,
	"Price": 225,
	"IsColored": false,
	"GiftTastes":
	{
		"Love": ["Willy", "Andy", "Gus", "Victor"],
		"Like": ["Kent", "Lance", "Jodi", "Claire", "Olivia", "Pierre", "Evelyn", "Leah", "Robin", "Elliott"],
		"Hate": ["George", "Shane", "Sebastian", "Abigail", "Haley", "Maru", "Pam", "Clint", "Jas", "Vincent"]
	},
	"TranslationKey": "object.butterfish",
}